<?xml version="1.0" encoding="UTF-8"?>
<metadata modelVersion="1.1.0">
  <groupId>com.pca.bpms</groupId>
  <artifactId>exception</artifactId>
  <version>1.0.0-SNAPSHOT</version>
  <versioning>
    <snapshot>
      <timestamp>20220505.063236</timestamp>
      <buildNumber>4</buildNumber>
    </snapshot>
    <lastUpdated>20220505063236</lastUpdated>
    <snapshotVersions>
      <snapshotVersion>
        <extension>jar</extension>
        <value>1.0.0-20220505.063236-4</value>
        <updated>20220505063236</updated>
      </snapshotVersion>
      <snapshotVersion>
        <extension>pom</extension>
        <value>1.0.0-20220505.063236-4</value>
        <updated>20220505063236</updated>
      </snapshotVersion>
    </snapshotVersions>
  </versioning>
</metadata>
