<?xml version="1.0" encoding="UTF-8"?>
<metadata modelVersion="1.1.0">
  <groupId>com.pca.bpms</groupId>
  <artifactId>newbusiness</artifactId>
  <version>1.0.0-SNAPSHOT</version>
  <versioning>
    <snapshot>
      <timestamp>20220505.080204</timestamp>
      <buildNumber>9</buildNumber>
    </snapshot>
    <lastUpdated>20220505080204</lastUpdated>
    <snapshotVersions>
      <snapshotVersion>
        <extension>jar</extension>
        <value>1.0.0-20220505.080204-9</value>
        <updated>20220505080204</updated>
      </snapshotVersion>
      <snapshotVersion>
        <extension>pom</extension>
        <value>1.0.0-20220505.080204-9</value>
        <updated>20220505080204</updated>
      </snapshotVersion>
    </snapshotVersions>
  </versioning>
</metadata>
