<?xml version="1.0" encoding="UTF-8"?>
<metadata modelVersion="1.1.0">
  <groupId>com.pca.bpms</groupId>
  <artifactId>imagedelete</artifactId>
  <version>1.0.0-SNAPSHOT</version>
  <versioning>
    <snapshot>
      <timestamp>20220421.034117</timestamp>
      <buildNumber>2</buildNumber>
    </snapshot>
    <lastUpdated>20220421034117</lastUpdated>
    <snapshotVersions>
      <snapshotVersion>
        <extension>jar</extension>
        <value>1.0.0-20220421.034117-2</value>
        <updated>20220421034117</updated>
      </snapshotVersion>
      <snapshotVersion>
        <extension>pom</extension>
        <value>1.0.0-20220421.034117-2</value>
        <updated>20220421034117</updated>
      </snapshotVersion>
    </snapshotVersions>
  </versioning>
</metadata>
