<?xml version="1.0" encoding="UTF-8"?>
<metadata modelVersion="1.1.0">
  <groupId>com.pca.bpms</groupId>
  <artifactId>autounderwriting</artifactId>
  <version>1.0.0-SNAPSHOT</version>
  <versioning>
    <snapshot>
      <timestamp>20220505.074216</timestamp>
      <buildNumber>1</buildNumber>
    </snapshot>
    <lastUpdated>20220505074216</lastUpdated>
    <snapshotVersions>
      <snapshotVersion>
        <extension>jar</extension>
        <value>1.0.0-20220505.074216-1</value>
        <updated>20220505074216</updated>
      </snapshotVersion>
      <snapshotVersion>
        <extension>pom</extension>
        <value>1.0.0-20220505.074216-1</value>
        <updated>20220505074216</updated>
      </snapshotVersion>
    </snapshotVersions>
  </versioning>
</metadata>
