<?xml version="1.0" encoding="UTF-8"?>
<metadata modelVersion="1.1.0">
  <groupId>com.pca.bpms</groupId>
  <artifactId>healthcheckup</artifactId>
  <version>1.0.0-SNAPSHOT</version>
  <versioning>
    <snapshot>
      <timestamp>20220419.144605</timestamp>
      <buildNumber>3</buildNumber>
    </snapshot>
    <lastUpdated>20220419144605</lastUpdated>
    <snapshotVersions>
      <snapshotVersion>
        <extension>jar</extension>
        <value>1.0.0-20220419.144605-3</value>
        <updated>20220419144605</updated>
      </snapshotVersion>
      <snapshotVersion>
        <extension>pom</extension>
        <value>1.0.0-20220419.144605-3</value>
        <updated>20220419144605</updated>
      </snapshotVersion>
    </snapshotVersions>
  </versioning>
</metadata>
