<?xml version="1.0" encoding="UTF-8"?>
<metadata modelVersion="1.1.0">
  <groupId>com.pca.bpms</groupId>
  <artifactId>model</artifactId>
  <version>1.0.0-SNAPSHOT</version>
  <versioning>
    <snapshot>
      <timestamp>20220426.080446</timestamp>
      <buildNumber>2</buildNumber>
    </snapshot>
    <lastUpdated>20220426080446</lastUpdated>
    <snapshotVersions>
      <snapshotVersion>
        <extension>jar</extension>
        <value>1.0.0-20220426.080446-2</value>
        <updated>20220426080446</updated>
      </snapshotVersion>
      <snapshotVersion>
        <extension>pom</extension>
        <value>1.0.0-20220426.080446-2</value>
        <updated>20220426080446</updated>
      </snapshotVersion>
    </snapshotVersions>
  </versioning>
</metadata>
